<?xml version="1.0" encoding="UTF-8"?>
<Entities>
	<ExtensionPackages>
		<ExtensionPackage name="InfotableToJson_ExtensionPackage" description="InfotableToJson Widget" vendor="Vilia" packageVersion="1.0.0" minimumThingWorxVersion="7.4.0" />
	</ExtensionPackages>
	<Widgets>
		<Widget name="InfotableToJson">
			<UIResources>
				<FileResource type="JS" file="infotable-to-json.ide.js" description="" isDevelopment="true" isRuntime="false" />
				<FileResource type="JS" file="infotable-to-json.runtime.js" description="" isDevelopment="false" isRuntime="true" />
			</UIResources>
		</Widget>
	</Widgets>
</Entities>
